Produit,Modèle,Longueur (mm),Largeur (mm),Hauteur (mm)
CAPTURCALL FR,Renault Captur,4228,1797,1566
NISSAN LEAF ELECTRIQUE,Nissan Leaf,4490,1789,1540
CITROEN LES OFFRES QUI TOMBENT A PIC C3,Citroën C3,3996,1748,1474
CITROEN LES OFFRES QUI TOMBENT A PIC C4,Citroën C4,4360,1800,1489
CITROEN LES OFFRES QUI TOMBENT A PIC C1,Citroën C1,3466,1615,1460
FORD B MAX,Ford B-MAX,4077,1751,1604
KIA RIO,Kia Rio,4065,1725,1455
KIA CEE D,Kia Ceed,4510,1800,1470
TOYOTA AURIS HYBRIDE,Toyota Auris,4330,1760,1460
TOYOTA YARIS HYBRIDE,Toyota Yaris,3940,1695,1500
NISSAN LES DECLICS MICRA,Nissan Micra,3999,1743,1455
NISSAN LES DECLICS NOTE,Nissan Note,4100,1695,1520
PEUGEOT TVA 0% GAMME,Peugeot (Gamme),-,-,-
SKODA RAPID SPACEBACK,Škoda Rapid Spaceback,4304,1706,1461
OPEL CORSA,Opel Corsa,4060,1765,1433
CHEVROLET SPARK,Chevrolet Spark,3695,1597,1522
KIA SOUL P#,Kia Soul,4140,1800,1600
CITROEN C4,Citroën C4,4360,1800,1489
RENAULT MEGANE,Renault Mégane,4359,1806,1435
ALFA GIULIETTA,Alfa Romeo Giulietta,4351,1798,1465
VW GAMME AUTOS,Volkswagen (Gamme),-,-,-
RENAULTSHOP FR,Renault (Gamme),-,-,-
SEAT LEON BK,SEAT León,4282,1816,1459
MINI COUNTRYMAN GETAway,MINI Countryman,4299,1822,1557
FORD FIESTA,Ford Fiesta,4068,1735,1476
CHEVROLET GAMME AUTO,Chevrolet (Gamme),-,-,-
DS DS3,DS 3,3948,1715,1483
BMW GAMME AUTOS,BMW (Gamme),-,-,-
PEUGEOT 3008,Peugeot 3008,4447,1841,1624
LANCIA YPSILON S STADE FRANCE,Lancia Ypsilon,3840,1648,1500
SUZUKI S CROSS,Suzuki SX4 S-Cross,4300,1785,1585
FORD FOCUS,Ford Focus,4378,1825,1484
OPEL MOKKA,Opel Mokka,4135,1777,1647
KIA CARENS,Kia Cee'd,4510,1800,1470
FIAT 500,Fiat 500,3571,1627,1488
RENAULT CLIO,Renault Clio,4050,1732,1440
RANGE ROVER EVOQUE,Range Rover Evoque,4371,1900,1649
DACIA DUSTER,Dacia Duster,4341,1804,1693
HYUNDAI I10,Hyundai i10,3665,1660,1500
NISSAN QASHQAI,Nissan Qashqai,4394,1806,1590
SKODA YETI,Škoda Yeti,4223,1793,1691
PEUGEOT 308,Peugeot 308,4253,1820,1457
MAZDA CX 5,Mazda CX-5,4550,1840,1680
LEXUS IS 300 HYBRIDE,Lexus IS 300h,4670,1810,1430
VOLVO PRESTIGE AUTOMOBILE,Volvo (Gamme),-,-,-
RENAULT CAPTUR,Renault Captur,4228,1797,1566
FIAT 500 L,Fiat 500L,4147,1784,1667
VW TIGUAN CUP DI,Volkswagen Tiguan,4486,1839,1672
PEUGEOT 2008,Peugeot 2008,4159,1749,1556
OPEL ADAM,Opel Adam,3698,1720,1498
DS DS5 DI,DS 5,4530,1871,1520
OPEL INSIGNIA BK,Opel Insignia,4897,1856,1460
CITROEN C4 PICASSO DI,Citroën C4 Picasso,4428,1826,1624
CITROEN C4 PICASSO MUSICBOX DI,Citroën C4 Picasso,4428,1826,1624
CITROEN C3 PICASSO MUSICBOX DI,Citroën C3 Picasso,4078,1769,1624
RENAULT ZOE ELECTRIQUE,Renault Zoe,4084,1730,1562
CITROEN C3 MUSICBOX,Citroën C3,3996,1748,1474
CITROEN C4 MUSICBOX DI,Citroën C4,4360,1800,1489
NISSAN LES DECLICS JUKE,Nissan Juke,4135,1765,1570
RENAULT FRENCH TOUCH,Renault (Gamme),-,-,-
DACIA SANDERO,Dacia Sandero,4088,1733,1517
OPEL MERIVA,Opel Meriva,4288,1812,1615
CHEVROLET CRUZE,Chevrolet Cruze,4666,1795,1477
SKODA FABIA TOUR DE FRANCE,Škoda Fabia,3992,1732,1467
ALFA MITO,Alfa Romeo MiTo,4063,1720,1446
TOYOTA YARIS TENDANCE PACK RELAX,Toyota Yaris,3940,1695,1500
FIAT 500 LA PETITE ROBE NOIRE BY GUERLAIN,Fiat 500,3571,1627,1488
MERCEDES GLA,Mercedes-Benz GLA,4417,1834,1602
KIA PACK INTEGRAL SPORTAGE,Kia Sportage,4480,1850,1635
KIA SPORTAGE,Kia Sportage,4480,1850,1635
FORD C MAX,Ford C-MAX,4380,1828,1626
SKODA FABIA,Škoda Fabia,3992,1732,1467
MINI,MINI (Gamme),-,-,-
SEATSECOMPARE COM,SEAT (Gamme),-,-,-
SKODA GAMME AUTOS,Škoda (Gamme),-,-,-
DS DS3 DARK ROSE,DS 3,3948,1715,1483
PEUGEOT 208,Peugeot 208,3996,1739,1460
TOYOTA RAV4 DI,Toyota RAV4,4600,1855,1660
CITROEN C5 BK,Citroën C5,4779,1860,1459
OPEL ASTRA,Opel Astra,4370,1809,1485
MERCEDES CL.C,Mercedes-Benz Classe C,4686,1810,1442
CITROEN C1 MUSICBOX,Citroën C1,3466,1615,1460
CHEVROLET TRAX,Chevrolet Trax,4248,1776,1674
CITROEN C3 PICASSO MUSICBOX,Citroën C3 Picasso,4078,1769,1624
DACIA JOURS DACIA ADDICT DUSTER,Dacia Duster,4341,1804,1693
FIAT GAMME AUTOS,Fiat (Gamme),-,-,-
RENAULT SERVICES,Renault (Services),-,-,-
NISSAN NOTE,Nissan Note,4100,1695,1520
VOLVO V40 EFFEKTIV LINE,Volvo V40,4369,1802,1439
SKODA OCTAVIA RS,Škoda Octavia RS,4689,1814,1465
VW GOLF CUP,Volkswagen Golf,4258,1799,1452
JEEP CHEROKEE,Jeep Cherokee,4624,1903,1676
ALFA 4C,Alfa Romeo 4C,3989,1868,1183
PEUGEOT 308 SW,Peugeot 308 SW,4585,1820,1474
LANCIA YPSILON ELEFANTINO,Lancia Ypsilon,3840,1648,1500
MERCEDES AMG GLA45,Mercedes-AMG GLA 45,4417,1834,1602
SUZUKI JOURS STYLE SWIFT,Suzuki Swift,3840,1695,1500
TOYOTA GAMME HYBRIDE,Toyota (Gamme Hybride),-,-,-
CITROEN C4 PICASSO COLLECTION DI,Citroën C4 Picasso,4428,1826,1624
RENAULT CLIO BK,Renault Clio,4050,1732,1440
TOYOTA AURIS HYBRIDE DYNAMIC,Toyota Auris Hybride,4330,1760,1460
VW OFFRES DU MOMENT TOURAN,Volkswagen Touran,4527,1829,1665
VW OFFRES DU MOMENT TIGUAN,Volkswagen Tiguan,4486,1839,1672
KIA CARENS FIFA WORLD CUP DI,Kia Cee'd,4510,1800,1470
DS DS4,DS 4,4275,1810,1530
TOYOTA VERSO DI,Toyota Verso,4440,1790,
VW BLUEMOTION POLO DI,Volkswagen Polo,3972,1682,1461
FIAT 500 COLOR THERAPY,Fiat 500,3571,1627,1488
PEUGEOT LES GRANDS ESSAIS,Peugeot (Gamme),-,-,-
CITROEN C4 CACTUS,Citroën C4 Cactus,4157,1729,1480
PORSCHE 919 COMPETITION,Porsche 919 Hybrid,4650,1900,1050
RENAULT FRENCH TOUCH CLIO,Renault Clio,4050,1732,1440
ALFA LES PURES EMOTIONS,Alfa Romeo (Gamme),-,-,-
SKODA JOURS CONTRE LA MONTRE FABIA,Škoda Fabia,3992,1732,1467
VW GOLF SPORTSVAN,Volkswagen Golf Sportsvan,4338,1807,1507
TOYOTA AYGO,Toyota Aygo,3455,1615,1460
RENAULT FRENCH TOUCH TWINGO,Renault Twingo,3600,1646,1559
CITROEN BERLINGO MULTISPACE PASSION BLEUS DI,Citroën Berlingo Multispace,4380,1810,1815
NISSAN COMPETITION,Nissan (Gamme),-,-,-
PEUGEOT 108,Peugeot 108,3475,1615,1460
KIA GAMME FIFA WORLD CUP,Kia (Gamme),-,-,-
TOYOTA COMPETITION,Toyota (Gamme),-,-,-
RENAULT FRENCH TOUCH MEGANE,Renault Mégane,4359,1806,1435
JAGUAR F TYPE CP,Jaguar F-Type,4470,1923,1309
NISSAN JUKE,Nissan Juke,4135,1765,1570
OPEL CORSA GRAPHITE,Opel Corsa,4060,1765,1433
FORD KUGA,Ford Kuga,4524,1838,1689
ABARTH 695 BIPOSTO,Abarth 695 Biposto,3660,1627,1320
PGO CEVENNES,PGO Cévennes,3250,1600,1150
NISSAN X TRAIL 4X4,Nissan X-Trail,4640,1820,1710
CITROEN C1,Citroën C1,3466,1615,1460
CITROEN JOURS CONSO,Citroën (Gamme),-,-,-
SKODA JOURS CONTRE LA MONTRE YETI,Škoda Yeti,4223,1793,1691
HYUNDAI OFFRES INCROYABLES,Hyundai (Gamme),-,-,-
PEUGEOT LES IMMANQUABLES 208,Peugeot 208,3996,1739,1460
RENAULT TWINGO,Renault Twingo,3600,1646,1559
PEUGEOT LES IMMANQUABLES 3008,Peugeot 3008,4447,1841,1624
MAZDA 3,Mazda 3,4461,1795,1455
AUDI S1,Audi S1,3973,1693,1416
KIA SPORTAGE DI REVELATION,Kia Sportage,4480,1850,1635
SKODA JOURS CONTRE LA MONTRE,Škoda (Gamme),-,-,-
NISSAN GT R NISMO,Nissan GT-R Nismo,4710,1895,1370
MERCEDES CL.C BK,Mercedes-Benz Classe C,4686,1810,1442
VW POLO CONFORTLINE,Volkswagen Polo,3972,1682,1461
FORD JOURS PISTONNES FIESTA,Ford Fiesta,4068,1735,1476
PEUGEOT 508,Peugeot 508,4750,1859,1403
SEAT LEON,SEAT León,4282,1816,1459
OPEL ZAFIRA TOURER,Opel Zafira Tourer,4666,1884,1685
FORD ECOSPORT,Ford EcoSport,4097,1765,1658
LEXUS NX HYBRIDE,Lexus NX Hybrid,4630,1845,1645
BMW SERIE 2 ACTIVE TOURER,BMW 2 Series Active Tourer,4342,1800,1555
HYUNDAI I30,Hyundai i30,4340,1795,1470
KIA SOUL,Kia Soul,4140,1800,1600
CITROEN LES OFFRES QUI TOMBENT A PIC C3 PICASSO,Citroën C3 Picasso,4078,1769,1624
PEUGEOT PRESTIGE AUTOMOBILE,Peugeot (Gamme Prestige),-,-,-
PEUGEOT LES IMMANQUABLES,Peugeot (Gamme),-,-,-
CITROEN LES OFFRES QUI TOMBENT A PIC C4 PICASSO,Citroën C4 Picasso,4428,1826,1624
VW TIGUAN 4X4 DI,Volkswagen Tiguan,4486,1839,1672
JEEP RENEGADE,Jeep Renegade,4236,1805,1687
VW GOLF,Volkswagen Golf,4258,1799,1452
VOLVO XC60,Volvo XC60,4688,1902,1678
OPEL ADAM ROCKS,Opel Adam Rocks,3698,1720,1498
NISSAN PULSAR,Nissan Pulsar,4612,1760,1520
FIAT 500 L FAMILY,Fiat 500L,4147,1784,1667
AUDI GAMME AUTOS,Audi (Gamme),-,-,-
VW TIGUAN 4X4,Volkswagen Tiguan,4486,1839,1672
PEUGEOT SERVICES,Peugeot (Services),-,-,-
VW POLO EDITION,Volkswagen Polo,3972,1682,1461
TOYOTA RAV4 LIFE DI,Toyota RAV4,4600,1855,1660
RENAULT FR,Renault (Gamme),-,-,-
LEXUS,Lexus (Gamme),-,-,-
DACIA JOURS SCANDALEUSEMENT ACCESSIBLES SANDERO,Dacia Sandero,4088,1733,1517
DACIA JOURS SCANDALEUSEMENT ACCESSIBLES DUSTER,Dacia Duster,4341,1804,1693
VW PASSAT,Volkswagen Passat,4767,1832,1456
AUDI TT CP,Audi TT,4191,1832,1353
VW PASSAT BK,Volkswagen Passat,4767,1832,1456
SMART FORFOUR,Smart ForFour,3495,1665,1554
AUDI A3 BK HYBRIDE,Audi A3,4313,1785,1425
MERCEDES CL.B,Mercedes-Benz Classe B,4393,1786,1557
SEAT LEON X PERIENCE,SEAT León X-Perience,4308,1816,1459
LAND ROVER PRESTIGE,Land Rover (Gamme Prestige),-,-,-
CITROEN OCCASIONS,Citroën (Occasions),-,-,-
CITROEN JOURS QUI FONT DU BIEN C3 PICASSO,Citroën C3 Picasso,4078,1769,1624
CITROEN JOURS QUI FONT DU BIEN C3,Citroën C3,3996,1748,1474
HYUNDAI I20,Hyundai i20,4035,1734,1490
PEUGEOT JOURS SUREQUIPES 208,Peugeot 208,3996,1739,1460
PEUGEOT JOURS SUREQUIPES 2008,Peugeot 2008,4159,1749,1556
FORD MONDEO,Ford Mondeo,4871,1852,1482
VW TOURAN CUP,Volkswagen Touran,4527,1829,1665
CITROEN C4 PICASSO SELECTION DI,Citroën C4 Picasso,4428,1826,1624
DS DS3 INES DE LA FRESSANGE,DS 3,3948,1715,1483
FIAT 500 L PETIT BATEAU,Fiat 500L,4147,1784,1667
KIA CEE D REVELATION,Kia Ceed,4510,1800,1470
VW GOLF EDITION,Volkswagen Golf,4258,1799,1452
FIAT 500 X,Fiat 500X,4250,1796,1596
PEUGEOT 508 STYLE DI,Peugeot 508,4750,1859,1403
SKODA FABIA BK,Škoda Fabia,3992,1732,1467
RANGE ROVER EVOQUE ENTREPRISE,Range Rover Evoque,4371,1900,1649
PEUGEOT LES IMMANQUABLES 2008,Peugeot 2008,4159,1749,1556
CITROEN JOURS QUI FONT DU BIEN C4 PICASSO,Citroën C4 Picasso,4428,1826,1624
TOYOTA YARIS,Toyota Yaris,3940,1695,1500
LEXUS CT200 HYBRIDE,Lexus CT 200h,4320,1765,1430
LAND ROVER DISCOVERY,Land Rover Discovery,4970,2073,1846
ALFA GIULIETTA SPRINT,Alfa Romeo Giulietta,4351,1798,1465
AUDI Q3,Audi Q3,4388,1831,1585
JAGUAR XE,Jaguar XE,4672,1967,1416
MERCEDES CL.A,Mercedes-Benz Classe A,4292,1780,1433
DS DS3 EMERAUDE ADDICT,DS 3,3948,1715,1483
MERCEDES CLA BK,Mercedes-Benz CLA,4630,1777,1421
BMW SERIE 1,BMW Série 1,4329,1765,1421
KIA SPORTAGE EDITION 7 DI,Kia Sportage,4480,1850,1635
FIAT 500 CAB,Fiat 500C,3571,1627,1488
CITROEN C4 SPACETOURER,Citroën C4 SpaceTourer,4602,1860,1628
DACIA LES JOURS 10 ANS LODGY,Dacia Lodgy,4499,1751,1636
DACIA LES JOURS 10 ANS DUSTER,Dacia Duster,4341,1804,1693
DACIA LES JOURS 10 ANS SANDERO,Dacia Sandero,4088,1733,1517
VW GOLF HYBRIDE,Volkswagen Golf,4258,1799,1452
HONDA CRV 4X4,Honda CR-V,4585,1820,1679
SUZUKI VITARA,Suzuki Vitara,4175,1775,1610
MAZDA 2,Mazda 2,4060,1695,1500
RENAULT ESPACE,Renault Espace,4853,1869,1694
SKODA GAMME TOUR DE FRANCE,Škoda (Gamme),-,-,-
SKODA OCTAVIA BK,Škoda Octavia,4689,1814,1465
HONDA CIVIC,Honda Civic,4640,1799,1416
HONDA CIVIC BK,Honda Civic,4640,1799,1416
HONDA CIVIC TYPE R,Honda Civic Type R,4532,1877,1434
ALFA LES PURES EMOTIONS GIULIETTA EDIZIONE,Alfa Romeo Giulietta,4351,1798,1465
BMW SERIE 2 GRAN TOURER,BMW 2 Series Gran Tourer,4556,1800,1608
OPEL MOKKA DI,Opel Mokka,4135,1777,1647
PEUGEOT GAMME AUTOS,Peugeot (Gamme),-,-,-
FIAT JOURNEES XTRAORDINAIRES 500,Fiat 500,3571,1627,1488
RENAULT GAMME AUTOS,Renault (Gamme),-,-,-
PORSCHE PRESTIGE,Porsche (Gamme Prestige),-,-,-
AUDI PRESTIGE,Audi (Gamme Prestige),-,-,-
SSANGYONG TIVOLI,SsangYong Tivoli,4202,1798,1590
AUDI Q7,Audi Q7,5086,1968,1740
RENAULT KADJAR,Renault Kadjar,4489,1836,1607
GAC GS4,GAC GS4,4545,1856,1680
FIAT HAPPY HOURS 500,Fiat 500,3571,1627,1488
PEUGEOT UN ETE TOUT COMPRIS 2008,Peugeot 2008,4159,1749,1556
SKODA PRESTIGE,Škoda (Gamme Prestige),-,-,-
PGO AUTOMOBILES PRESTIGE,PGO (Gamme Prestige),-,-,-
PEUGEOT UN ETE TOUT COMPRIS 3008,Peugeot 3008,4447,1841,1624
HONDA GAMME AUTOS,Honda (Gamme),-,-,-
TOYOTA PRESTIGE AUTOMOBILES,Toyota (Gamme Prestige),-,-,-
PEUGEOT LES IMMANQUABLES 108,Peugeot 108,3475,1615,1460
PEUGEOT LES IMMANQUABLES 308,Peugeot 308,4253,1820,1457
MAZDA CX 3,Mazda CX-3,4275,1765,1535
NISSAN 4X4 GAMME,Nissan (Gamme 4x4),-,-,-
ALFA GAMME EDIZIONE,Alfa Romeo (Gamme Édition),-,-,-
VW POLO LOUNGE,Volkswagen Polo,3972,1682,1461
CITROEN JOURS QUI FONT DU BIEN C4 CACTUS,Citroën C4 Cactus,4157,1729,1480
HYUNDAI TUCSON DI,Hyundai Tucson,4475,1850,1650
TOYOTA GAMME AUTOS,Toyota (Gamme),-,-,-
VOLVO XC90,Volvo XC90,4950,2008,1773
MERCEDES GAMME AUTOS,Mercedes-Benz (Gamme),-,-,-
SUZUKI SWIFT,Suzuki Swift,3840,1695,1500
FIAT JOURNEES ORIGINALES 500,Fiat 500,3571,1627,1488
SEAT IBIZA,SEAT Ibiza,4059,1693,1444
VOLVO V40 CROSS COUNTRY,Volvo V40 Cross Country,4370,1802,1477
VOLVO V60 BK CROSS COUNTRY,Volvo V60 Cross Country,4635,1865,1484
INFINITI Q50,Infiniti Q50,4795,1825,1445
HONDA HR-V 4X4,Honda HR-V,4335,1770,1605
SKODA SUPERB,Škoda Superb,4861,1864,1468
FIAT 500 X DI,Fiat 500X,4250,1796,1596
VW TOURAN,Volkswagen Touran,4527,1829,1665
DS GAMME AUTO,DS (Gamme),-,-,-
DS DS3 DARK LIGHT,DS 3,3948,1715,1483
KIA CEE D ACTIVE,Kia Ceed,4510,1800,1470
MINI CLUBMAN,MINI Clubman,4253,1800,1441
OPEL ONSTAR APPLICATION,Opel (Application OnStar),-,-,-
CAPTURTHENIGHT FR,Renault Captur,4228,1797,1566
SKODA SUPERB COMBI BK,Škoda Superb Combi,4861,1864,1483
RENAULT EASY PACK TWINGO,Renault Twingo,3600,1646,1559
RENAULT EASY PACK CAPTUR,Renault Captur,4228,1797,1566
RENAULT EASY PACK CLIO,Renault Clio,4050,1732,1440
CITROEN C1 FEEL,Citroën C1,3466,1615,1460
BMW SERIE 7,BMW Série 7,5238,1902,1479
AUDI A4 BK,Audi A4,4726,1842,1427
VW INST.REPRISE+ POLO,Volkswagen Polo,3972,1682,1461
VW INST.REPRISE+ GOLF,Volkswagen Golf,4258,1799,1452
DACIA LES JOURS 10 ANS ET DEMI DUSTER,Dacia Duster,4341,1804,1693
DACIA LES JOURS 10 ANS ET DEMI SANDERO,Dacia Sandero,4088,1733,1517
VW PRESTIGE,Volkswagen (Gamme Prestige),-,-,-
CITROEN BERLINGO,Citroën Berlingo,4380,1810,1815
FORD GAMME AUTOS,Ford (Gamme),-,-,-
VW PASSAT HYBRIDE,Volkswagen Passat,4767,1832,1456
VW PASSAT BK HYBRIDE,Volkswagen Passat,4767,1832,1456
RENAULT EASY PACK DAYS CLIO,Renault Clio,4050,1732,1440
RENAULT EASY PACK DAYS CAPTUR,Renault Captur,4228,1797,1566
VW OFFRES REPRISE+ GOLF,Volkswagen Golf,4258,1799,1452
VW OFFRES REPRISE+ POLO,Volkswagen Polo,3972,1682,1461
RENAULT TALISMAN,Renault Talisman,4853,1869,1459
RENAULT EASY PACK DAYS TWINGO,Renault Twingo,3600,1646,1559
RENAULT FRENCH TOUCH SCENIC,Renault Scénic,4406,1866,1645
RENAULT FRENCH TOUCH CAPTUR,Renault Captur,4228,1797,1566
LEXUS RX,Lexus RX,4890,1895,1685
VW GOLF SPORTSVAN ALLSTAR,Volkswagen Golf Sportsvan,4338,1807,1507
VW POLO ALLSTAR,Volkswagen Polo,3972,1682,1461
VW GOLF ALLSTAR,Volkswagen Golf,4258,1799,1452
TOYOTA RAV4 HYBRIDE,Toyota RAV4,4600,1855,1660
PEUGEOT COMPETITION,Peugeot (Compétition),-,-,-
INFINITI Q30,Infiniti Q30,4425,1805,1495
VW TOURAN CONFORTLINE,Volkswagen Touran,4527,1829,1665
NISSAN NAVARA,Nissan Navara,5250,1850,1845
CITROEN C1 MILLENIUM,Citroën C1,3466,1615,1460
KADJARQUEST FR,Renault Kadjar,4489,1836,1607
HYUNDAI I20 INTUITIVE STYLE,Hyundai i20,4035,1734,1490
FORD S MAX,Ford S-MAX,4796,1916,1658
CITROEN C4 VITAMINE,Citroën C4,4360,1800,1489
SUZUKI CELERIO,Suzuki Celerio,3600,1600,1540
HONDA JAZZ,Honda Jazz,3995,1694,1525
AUDI A4,Audi A4,4726,1842,1427
PEUGEOT 2008 STYLE,Peugeot 2008,4159,1749,1556
OPEL CORSA PLAY,Opel Corsa,4060,1765,1433
TOYOTA AYGO X PLAY TOUCH,Toyota Aygo,3455,1615,1460
JEEP RENEGADE BROOKLYN EDITION,Jeep Renegade,4236,1805,1687
VOLVO XC60 DI,Volvo XC60,4688,1902,1678
TOYOTA YARIS DYNAMIC,Toyota Yaris,3940,1695,1500
LEXUS CT HYBRIDE,Lexus CT 200h,4320,1765,1430
VOLKSWAGEN ET MOI FR,Volkswagen (Gamme),-,-,-
RENAULT OCCASIONS,Renault (Occasions),-,-,-
FIAT TIPO,Fiat Tipo,4532,1792,1495
PEUGEOT 3008 HYBRIDE DI,Peugeot 3008,4447,1841,1624
MINI CAB,MINI Cabrio,3821,1683,1414
KIA RIO UEFA,Kia Rio,4065,1725,1455
DACIA JOURS PLUS MALINS DUSTER,Dacia Duster,4341,1804,1693
DACIA JOURS PLUS MALINS SANDERO,Dacia Sandero,4088,1733,1517
BMW GAMME HYBRIDE,BMW (Gamme Hybride),-,-,-
MERCEDES CL.E,Mercedes-Benz Classe E,4923,1852,1468
VW TOURAN ALLSTAR,Volkswagen Touran,4527,1829,1665
PEUGEOT 208 STYLE,Peugeot 208,3996,1739,1460
PEUGEOT 508 HYBRIDE DI,Peugeot 508,4750,1859,1403
KIA CEE D UEFA EURO 2016,Kia Ceed,4510,1800,1470
JAGUAR F PACE,Jaguar F-Pace,4731,2071,1667
SUZUKI BALENO HYBRIDE,Suzuki Baleno,3995,1745,1470
PEUGEOT LES JOURS PEUGEOT A 0%,Peugeot (Gamme),-,-,-
CITROEN JOURS PLUS C3,Citroën C3,3996,1748,1474
CITROEN JOURS PLUS C4,Citroën C4,4360,1800,1489
PEUGEOT 308 STYLE,Peugeot 308,4253,1820,1457
VWETMOI FR,Volkswagen (Gamme),-,-,-
NISSAN GAMME AUTOS,Nissan (Gamme),-,-,-
HYUNDAI I20 UEFA EURO 2016,Hyundai i20,4035,1734,1490
LEXUS NX300 HYBRIDE,Lexus NX 300h,4630,1845,1645
JEEP GAMME AUTO,Jeep (Gamme),-,-,-
JAGUAR GAMME AUTOS,Jaguar (Gamme),-,-,-
CITROEN JOURS PLUS C4 PICASSO,Citroën C4 Picasso,4428,1826,1624
FORD RANGER DOUBLE CABINE DI,Ford Ranger,5359,1860,1817
VOLVO V90 BK PREMIUM,Volvo V90,4936,1879,1475
LAND ROVER,Land Rover (Gamme),-,-,-
JAGUAR PRESTIGE AUTOMOBILE,Jaguar (Gamme Prestige),-,-,-
JAGUAR GAMME ENTREPRISE,Jaguar (Gamme Entreprise),-,-,-
CITROEN C4 CACTUS RIP CURL,Citroën C4 Cactus,4157,1729,1480
ALFA GIULIA,Alfa Romeo Giulia,4643,1860,1436
RANGE ROVER EVOQUE CAB,Range Rover Evoque Cabrio,4371,1900,1649
AUDI COMPETITION,Audi (Compétition),-,-,-
VOLVO V90 BK,Volvo V90,4936,1879,1475
ROSNEFT LADA SPORT,Lada Sport,-,-,-
RENAULT SERVICE PARE BRISE,Renault (Service),-,-,-
SSANGYONG XLV,SsangYong XLV,4410,1800,1625
TOYOTA VERSO DESIGN,Toyota Verso,4440,1790,1620
FIAT 500 RIVA,Fiat 500,3571,1627,1488
RENAULT PRESTIGE AUTOMOBILE,Renault (Gamme Prestige),-,-,-
SEAT ATECA,SEAT Ateca,4363,1841,1616
VW GOLF MATCH,Volkswagen Golf,4258,1799,1452
VW UP,Volkswagen Up!,3540,1641,1480
CITROEN C1 MENTOS,Citroën C1,3466,1615,1460
KIA NIRO HYBRIDE,Kia Niro,4355,1805,1535
AUDI A3,Audi A3,4313,1785,1425
PEUGEOT 308 ALLURE,Peugeot 308,4253,1820,1457
LEXUS GAMME HYBRIDE,Lexus (Gamme Hybride),-,-,-
RENAULT SCENIC,Renault Scénic,4406,1866,1645
VW GAMME HYBRIDE,Volkswagen (Gamme Hybride),-,-,-
HYUNDAI I20 GO,Hyundai i20,4035,1734,1490
OPEL MOKKA X,Opel Mokka X,4271,1781,1658
MERCEDES PRESTIGE AUTOMOBILE,Mercedes-Benz (Gamme Prestige),-,-,-
VOL,,,,
FORD EDGE,Ford Edge,4779,1928,1702
HYUNDAI IONIQ HYBRIDE,Hyundai Ioniq Hybrid,4470,1820,1450
VOLVO XC60 MOMENTUM,Volvo XC60,4688,1902,1678
BMW X1,BMW X1,4439,1821,1598
PEUGEOT LES TRES BELLES REPRISES 108,Peugeot 108,3475,1615,1460
PEUGEOT LES TRES BELLES REPRISES 208,Peugeot 208,3996,1739,1460
KIA OPTIMA HYBRIDE,Kia Optima Hybrid,4855,1860,1460
NISSAN X TRAIL 4X4 DI,Nissan X-Trail,4640,1820,1710
SKODADRIVERS FR,Škoda (Gamme),-,-,-
FORD KA+,Ford Ka+,3935,1756,1524
TOYOTA C HR HYBRIDE,Toyota C-HR,4360,1795,1565
PEUGEOT LES TRES BELLES REPRISES 308,Peugeot 308,4253,1820,1457
PEUGEOT 2008 ALLURE,Peugeot 2008,4159,1749,1556
SUZUKI IGNIS HYBRID,Suzuki Ignis,3700,1660,1595
CITROEN LES JOURS C MAINTENANT C4 PICASSO,Citroën C4 Picasso,4428,1826,1624
VOLVO XC90 HYBRIDE,Volvo XC90,4950,2008,1773
OPEL CORSA ENJOY,Opel Corsa,4060,1765,1433
LESIEGE RENAULT FR,Renault (Gamme),-,-,-
TOYOTA GAMME TECHNOLINE,Toyota (Gamme),-,-,-
MINI COUNTRYMAN,MINI Countryman,4299,1822,1557
CITROEN GAMME AUTOS,Citroën (Gamme),-,-,-
VOLVO V90 BK CROSS COUNTRY,Volvo V90 Cross Country,4936,1879,1541
AUDI Q5,Audi Q5,4663,1893,1659
BMW SERIE 5,BMW Série 5,4936,1868,1468
CITROEN C4 CACTUS ONETONE,Citroën C4 Cactus,4157,1729,1480
SKODA KODIAQ,Škoda Kodiaq,4697,1882,1676
PEUGEOT 108 COLLECTION,Peugeot 108,3475,1615,1460
VW INST.VOLKSW.GAMME,Volkswagen (Gamme),-,-,-
SKODA LES JOURS NOUVEAUX DEPARTS KODIAQ,Škoda Kodiaq,4697,1882,1676
VW INST.VOLKSW.POLO,Volkswagen Polo,3972,1682,1461
VW INST.VOLKSW.TOURAN,Volkswagen Touran,4527,1829,1665
VW INST.VOLKSW.UP,Volkswagen Up!,3540,1641,1480
MY CITROEN APPLICATION,Citroën (Application),-,-,-
RENAULT KADJAR QUEST,Renault Kadjar,4489,1836,1607
NISSAN MICRA,Nissan Micra,3999,1743,1455
SKODA OCTAVIA,Škoda Octavia,4689,1814,1465
MAZDA MX 5 CAB,Mazda MX-5 Cabriolet,3915,1735,1235
CITROEN ADVISOR,Citroën (Advisor),-,-,-
PEUGEOT OCCASION,Peugeot (Occasions),-,-,-
VW E GOLF ELECTRIQUE,Volkswagen e-Golf,4258,1799,1452
NISSAN PRESTIGE,Nissan (Gamme Prestige),-,-,-
RENAULT GRAND SCENIC,Renault Grand Scénic,4635,1866,1679
HYUNDAI I30 DI EDITION #1,Hyundai i30,4340,1795,1470
FORD MUSTANG CAB,Ford Mustang Cabriolet,4784,1916,1391
MINI CLUBMAN EDITION HYDE PARK,MINI Clubman,4253,1800,1441
PEUGEOT LES IRRESISTIBLES 208,Peugeot 208,3996,1739,1460
PEUGEOT LES IRRESISTIBLES 2008,Peugeot 2008,4159,1749,1556
VW TIGUAN SOUND,Volkswagen Tiguan,4486,1839,1672
CITROEN LES JOURS C MAINTENANT C3,Citroën C3,3996,1748,1474
HYUNDAI LES 50 JOURS TUCSON,Hyundai Tucson,4475,1850,1650
VW LES JOURS INNOVATIONS TIGUAN,Volkswagen Tiguan,4486,1839,1672
VW LES JOURS INNOVATIONS GOLF,Volkswagen Golf,4258,1799,1452
VW LES JOURS INNOVATIONS ARTEON,Volkswagen Arteon,4862,1871,1427
PEUGEOT 5008,Peugeot 5008,4641,1848,1646
JEEP COMPASS,Jeep Compass,4394,1819,1640
OPEL CROSSLAND X,Opel Crossland X,4212,1765,1605
JEEP RENEGADE SOUTH BEACH,Jeep Renegade,4236,1805,1687
SKODA LES JOURS NOUVEAUX DEPARTS FABIA,Škoda Fabia,3992,1732,1467
HYUNDAI LES 50 JOURS I20,Hyundai i20,4035,1734,1490
TOYOTA L HYBRIDE POUR TOUS,Toyota (Gamme Hybride),-,-,-
LEXUS RX450H HYBRIDE,Lexus RX 450h,4890,1895,1685
CITROEN OFFRES CITROEN AND SUN C3,Citroën C3,3996,1748,1474
OPEL INSIGNIA,Opel Insignia,4897,1856,1460
PEUGEOT L ETE TOUT COMPRIS 208,Peugeot 208,3996,1739,1460
PEUGEOT L ETE TOUT COMPRIS 2008,Peugeot 2008,4159,1749,1556
PEUGEOT LES IRRESISTIBLES 308,Peugeot 308,4253,1820,1457
FIAT 500 ANNIVERSARIO,Fiat 500,3571,1627,1488
JEEP COMPASS OPENING EDITION,Jeep Compass,4394,1819,1640
RENAULT SCENIC INITIALE PARIS,Renault Scénic,4406,1866,1645
SEAT IBIZA STYLE,SEAT Ibiza,4059,1693,1444
VW ARTEON,Volkswagen Arteon,4862,1871,1427
AUDI A3 E TRON,Audi A3 e-tron,4313,1785,1425
RENAULT KOLEOS,Renault Koleos,4672,1843,1670
MAZDA CX 5 DYNAMIQUE,Mazda CX-5,4550,1840,1680
TOYOTA AYGO X RED,Toyota Aygo,3455,1615,1460
VW INST.VOLKSW.GOLF,Volkswagen Golf,4258,1799,1452
VW INST.VOLKSW.TIGUAN,Volkswagen Tiguan,4486,1839,1672
SUZUKI SWIFT HYBRIDE,Suzuki Swift,3840,1695,1500
FORD FIESTA ST LINE,Ford Fiesta,4068,1735,1476
KIA STONIC,Kia Stonic,4140,1760,1500
CITROEN C3 AIRCROSS,Citroën C3 Aircross,4155,1765,1624
RENAULT CLIO LIMITED,Renault Clio,4050,1732,1440
TOYOTA YARIS FRANCE,Toyota Yaris,3940,1695,1500
RENAULT TWINGO LIMITED,Renault Twingo,3600,1646,1559
RENAULT KADJAR GRAPHITE,Renault Kadjar,4489,1836,1607
HYUNDAI COMPETITION,,-,-,-
HYUNDAI KONA,Hyundai Kona,4165,1800,1550
FIAT 500 X S DESIGN,Fiat 500X,4250,1796,1596
SEAT LEON CUPRA,SEAT León Cupra,4282,1816,1459
RENAULT ALASKAN PICK UP,Renault Alaskan,5289,1915,1815
BMW SERIE 2 ACTIVE TOURER HYBRIDE,BMW 2 Series Active Tourer,4342,1800,1555
VW TIGUAN ALLSPACE,Volkswagen Tiguan Allspace,4701,1839,1672
SEAT ARONA,SEAT Arona,4138,1780,1552
AUDI A8,Audi A8,5179,1945,1471
RENAULT FRENCH TOUCH ZOE ELECTRIQUE,,4084,1730,1562
RENAULT FRENCH TOUCH KADJAR,Renault Kadjar,4489,1836,1607
BMW X3,BMW X3,4708,1891,1676
JEEP RENEGADE ASPEN,Jeep Renegade,4236,1805,1687
VW T ROC,Volkswagen T-Roc,4234,1819,1573
OPEL GRANDLAND X,Opel Grandland X,4477,1841,1636
FORD LES FORD DAYS FIESTA,Ford Fiesta,4068,1735,1476
SEAT VENTES PRIVEES IBIZA,SEAT Ibiza,4059,1693,1444
SKODA LES JOURS NOUVEAUX DEPARTS KAROQ,Škoda Karoq,4382,1841,1603
JAGUAR E PACE,Jaguar E-Pace,4395,1984,1659
SKODA KAROQ,Škoda Karoq,4382,1841,1603
CITROEN C3 GRAPHIC,Citroën C3,3996,1748,1474
CITROEN BERLINGO DI,Citroën Berlingo,4380,1810,1815
DS DS7 CROSSBACK,DS 7 Crossback,4573,1895,1620
BMW X1 XLINE,BMW X1,4439,1821,1598
LEXUS LS 500H HYBRIDE,,5235,1900,1450
VOLVO XC40,Volvo XC40,4425,1863,1652
OPEL CORSA BLACK EDITION,Opel Corsa,4060,1765,1433
ALFA GRANDS JOURS,,-,-,-
BMW X2,BMW X2,4360,1824,1526
HYUNDAI LES BEAUX GESTES I20,Hyundai i20,4035,1734,1490
FORD LES FORD DAYS ECOSPORT,Ford EcoSport,4097,1765,1658
MERCEDES GLC,,4658,1890,1639
SEAT VENTES PRIVEES LEON,SEAT León,4282,1816,1459
AUDI JOURNEES ALL ACCESS Q5,Audi Q5,4663,1893,1659
FIAT CITY CROSS,Fiat (Gamme),-,-,-
DACIA LES JOURS + SIMPLES SANDERO,Dacia Sandero,4088,1733,1517
DACIA LES JOURS + SIMPLES DUSTER,Dacia Duster,4341,1804,1693
TOYOTA C HR EDITION,Toyota C-HR,4360,1795,1565
BMW I GAMME ELECTRIQUE,BMW (Gamme Électrique),-,-,-
MINI HATCH,MINI Hatch,3821,1727,1414
BMW I3 +CONNECTED,BMW i3,3999,1775,1578
MISSION SUV RENAULT FR,Renault (Gamme SUV),-,-,-
SEAT IBIZA URBAN,SEAT Ibiza,4059,1693,1444
MINI COUNTRYMAN OAKWOOD,MINI Countryman,4299,1822,1557
HYUNDAI LES BEAUX GESTES TUCSON,Hyundai Tucson,4475,1850,1650
CUPRA PRESTIGE AUTOMOBILE,Cupra (Gamme Prestige),-,-,-
PORSCHE CAYENNE,Porsche Cayenne,5076,1983,1696
NISSAN LES JOURS PRESSES QASHQAI,Nissan Qashqai,4394,1806,1590
PEUGEOT 208 LIKE,Peugeot 208,3996,1739,1460
JEEP COMPASS BROOKLYN EDITION,Jeep Compass,4394,1819,1640
CITROEN LES JOURS C MAINTENANT C3 AIRCROSS,Citroën C3 Aircross,4155,1765,1624
FORD FIESTA ACTIVE,Ford Fiesta,4068,1735,1476
SEAT VENTES PRIVEES ARONA,SEAT Arona,4138,1780,1552
NISSAN LES JOURS PRESSES JUKE,Nissan Juke,4135,1765,1570
PEUGEOT 108 STYLE,Peugeot 108,3475,1615,1460
HYUNDAI GAMME WORLD CUP,Hyundai (Gamme),-,-,-
HYUNDAI LES BEAUX GESTES KONA,Hyundai Kona,4165,1800,1550
AUDI A6,Audi A6,4939,1886,1457
CITROEN OFFRES CITROEN AND SUN C3 AIRCROSS,Citroën C3 Aircross,4155,1765,1624
CITROEN OFFRES CITROEN AND SUN C4 CACTUS,Citroën C4 Cactus,4157,1729,1480
CITROEN OFFRES CITROEN AND SUN C4 SPACETOURER,Citroën C4 SpaceTourer,4602,1860,1628
PEUGEOT LES RENCONTRES SUV,Peugeot (Gamme SUV),-,-,-
RENAULT PRET A PARTIR SCENIC,Renault Scénic,4406,1866,1645
SEAT VENTES PRIVEES ATECA,SEAT Ateca,4363,1841,1616
HYUNDAI TUCSON,Hyundai Tucson,4475,1850,1650
OPEL GERMAN DAYS,Opel (Gamme),-,-,-
PEUGEOT RIFTER,Peugeot Rifter,4403,1848,1832
TOYOTA OUI A L HYBRIDE YARIS,Toyota Yaris Hybride,3940,1695,1500
TOYOTA OUI A L HYBRIDE C HR,Toyota C-HR Hybride,4360,1795,1565
MERCEDES STAR DAYS CL.A,Mercedes-Benz Classe A,4292,1780,1433
FIAT LES JOURS TIP TOP TIPO,Fiat Tipo,4532,1792,1495
VOLVO V60 BK,Volvo V60,4761,1850,1433
AUDI Q8,Audi Q8,5025,1995,1705
RENAULT LE RENDEZ VOUS ELECTRIQUE ZOE ELECTRIQUE,Renault Zoe,4084,1730,1562
PEUGEOT E LEGEND ELECTRIQUE,,4653,1931,1378
AUDI A6 BK,Audi A6,4939,1886,1457
CITROEN LES JOURS C CONFORT C4,Citroën C4,4360,1800,1489
JAGUAR I PACE ELECTRIQUE,Jaguar I-Pace,4682,1940,1565
AUDI E TRON ELECTRIQUE,Audi e-tron,4901,1935,1616
OPEL GERMAN DAYS CORSA,Opel Corsa,4060,1765,1433
CITROEN LES JOURS C CONFORT C3 AIRCROSS,Citroën C3 Aircross,4155,1765,1624
BMW I3 EDITION 360,BMW i3,3999,1775,1578
HYUNDAI I30 N,Hyundai i30 N,4340,1795,1470
OPEL COMBO LIFE,Opel Combo Life,4403,1848,1832
MINI COUNTRYMAN HYBRIDE,MINI Countryman,4299,1822,1557
PEUGEOT PARTNER,Peugeot Partner,4380,1810,1815
MINI GAMME AUTOS,,-,-,-
FORD FOCUS BK,Ford Focus,4378,1825,1484
VW LES BLACK FLASHDAYS,,-,-,-
NISSAN BLACK FRIDAY MICRA,Nissan Micra,3999,1743,1455
PEUGEOT BLACK FRIDAY 108,Peugeot 108,3475,1615,1460
FIAT BLACK FIAT DAYS TIPO,Fiat Tipo,4532,1792,1495
AUDI A1,Audi A1,3973,1740,1416
CITROEN C5 AIRCROSS,Citroën C5 Aircross,4500,1841,1690
KIA E NIRO,Kia e-Niro,4375,1805,1570
KIA PRO CEED,Kia ProCeed,4605,1800,1422
FIAT JOURS TACTIQUES TIPO,Fiat Tipo,4532,1792,1495
MERCEDES STAR DAYS GLA,Mercedes-Benz GLA,4417,1834,1602
CUPRA ATECA,Cupra Ateca,4363,1841,1616
AUDI JOURNEES ALL ACCESS Q3,Audi Q3,4388,1831,1585
PEUGEOT GAMME SUV,,-,-,-
OPEL GAMME AUTOS,,-,-,-
NISSAN LA SEMAINE 100% ELECTRIQUE LEAF ELECTRIQUE,Nissan Leaf,4490,1789,1540
SEAT TARRACO,SEAT Tarraco,4735,1844,1674
RENAULT LES RENAULT DAYS CAPTUR,Renault Captur,4228,1797,1566
RENAULT LES RENAULT DAYS SCENIC,Renault Scénic,4406,1866,1645
RENAULT LES RENAULT DAYS CLIO,Renault Clio,4050,1732,1440
CITROEN AMI ONE CONCEPT ELECTRIQUE,,2410,1390,1520
RENAULT LES RENAULT DAYS TALISMAN,Renault Talisman,4853,1869,1459
BMW SERIE 3,BMW Série 3,4709,1827,1435
TOYOTA COROLLA HYBRIDE,Toyota Corolla Hybride,4630,1780,1435
LEXUS UX HYBRIDE,Lexus UX Hybride,4495,1840,1520
RENAULT TALISMAN S EDITION,Renault Talisman,4853,1869,1459
FIAT TIPO LIGUE 1 CONFORAMA,Fiat Tipo,4532,1792,1495
DS DS E TENSE,,-,-,-
VW GAMME IQ DRIVE,,-,-,-
AUDI JOURNEES ALL ACCESS A3,Audi A3,4313,1785,1425
SEAT GAMME URBAN,,-,-,-
VW GAMME ID ELECTRIQUE,,-,-,-
PEUGEOT 508 SW,Peugeot 508 SW,4787,1859,1403
VOLVO SWITCH,,-,-,-
JEEP RENEGADE QUIKSILVER,Jeep Renegade,4236,1805,1687
PEUGEOT 108 LIKE,Peugeot 108,3475,1615,1460
VW T CROSS,Volkswagen T-Cross,4108,1759,1558
SEAT ARONA URBAN,SEAT Arona,4138,1780,1552
CITROEN GRAND C4 SPACETOURER,Citroën Grand C4 SpaceTourer,4602,1860,1628
CITROEN SPACE TOURER,Citroën SpaceTourer,4602,1860,1628
BMW X7,BMW X7,5151,2000,1805
BMW SERIE 8 CP,BMW Série 8 Coupé,4843,1902,1341
DS DS3 CROSSBACK,DS 3 Crossback,4118,1790,1534
DS DS3 CROSSBACK E TENSE ELECTRIQUE,DS 3 Crossback E-Tense,4118,1790,1534
AUDI JOURNEES ALL ACCESS A1,Audi A1,3973,1740,1416
SKODA SCALA,Škoda Scala,4362,1746,1471
FORD LES VENTES A L AMERICAINE FIESTA,Ford Fiesta,4068,1735,1476
VW POLO IQ DRIVE,Volkswagen Polo,3972,1682,1461
VW T ROC IQ DRIVE,Volkswagen T-Roc,4234,1819,1573
VW GOLF IQ DRIVE,Volkswagen Golf,4258,1799,1452
VW TIGUAN IQ DRIVE,Volkswagen Tiguan,4486,1839,1672
PEUGEOT LES DRIVING DAYS 208,Peugeot 208,3996,1739,1460
PEUGEOT LES DRIVING DAYS 2008,Peugeot 2008,4159,1749,1556
PEUGEOT LES DRIVING DAYS 108,Peugeot 108,3475,1615,1460
RENAULT SHOP & GO CAPTUR,Renault Captur,4228,1797,1566
RENAULT SHOP & GO SCENIC,Renault Scénic,4406,1866,1645
OPEL SUV DAYS,,-,-,-
AUDI A1 ADVANCED,Audi A1,3973,1740,1416
HYUNDAI KONA HYBRIDE,Hyundai Kona Hybride,4165,1800,1550
KIA X CEED,Kia XCeed,4395,1826,1450
RENAULT LE MOIS TRES PRIVE,,-,-,-
TOYOTA LES ORIGINAL DAYS,,-,-,-
VW LE MOIS SUV NOW TIGUAN,Volkswagen Tiguan,4486,1839,1672
VW LE MOIS SUV NOW T CROSS,Volkswagen T-Cross,4108,1759,1558
VW LE MOIS SUV NOW T ROC,Volkswagen T-Roc,4234,1819,1573
PEUGEOT LES 7 JOURS FLASH 2008,Peugeot 2008,4159,1749,1556
PEUGEOT LES 7 JOURS FLASH 108,Peugeot 108,3475,1615,1460
LYNK & CO 03,Lynk & Co 03,4644,1831,1440
MAZDA CX 30,Mazda CX-30,4395,1795,1540
CITROEN GAMME SUV,Citroën (Gamme SUV),-,-,-
LAND ROVER FESTIVAL DAYS RANGE ROVER EVOQUE,Range Rover Evoque,4371,1900,1649
CUPRA GAMME AUTOS,Cupra (Gamme),-,-,-
HYUNDAI TUCSON N LINE,Hyundai Tucson N Line,4475,1850,1650
SKODA KAMIQ,Škoda Kamiq,4241,1793,1501
KIA NIRO,Kia Niro,4375,1805,1570
VOLVO S60 HYBRIDE,Volvo S60,4761,1850,1437
SUZUKI GAMME HYBRIDE,Suzuki (Gamme Hybride),-,-,-
RENAULT LES RENAULT DAYS KADJAR,Renault Kadjar,4489,1836,1607
FORD FIESTA COOL & CONNECT,Ford Fiesta,4068,1735,1476
FIAT PANDA,Fiat Panda,3653,1643,1551
VW ID3 ELECTRIQUE,Volkswagen ID.3,4261,1809,1552
OPEL GRANDLAND X HYBRIDE,Opel Grandland X,4477,1841,1636
SEAT TARRACO URBAN,SEAT Tarraco,4735,1844,1674
SKODA GAMME SUV,Škoda (Gamme SUV),-,-,-
TOYOTA YARIS FRANCE CONNECT,Toyota Yaris,3940,1695,1500
FORD LES FORD DAYS FOCUS,Ford Focus,4378,1825,1484
VW T CROSS LOUNGE,Volkswagen T-Cross,4108,1759,1558
OPEL CORSA E ELECTRIQUE,Opel Corsa-e,4060,1765,1433
ALFA SPRINT DAYS STELVIO,Alfa Romeo Stelvio,4686,1903,1660
RENAULT MOTRIO SERVICE,Renault (Service),-,-,-
MERCEDES VAN DRIVER COMPETITION,Mercedes-Benz (Gamme Van),-,-,-
VOLVO XC40 HYBRIDE,Volvo XC40,4425,1863,1652
DS DS7 CROSSBACK E TENSE HYBRIDE,DS 7 Crossback E-Tense,4573,1895,1620
PEUGEOT BLACK FRIDAY 2008,Peugeot 2008,4159,1749,1556
PEUGEOT BLACK FRIDAY 3008,Peugeot 3008,4447,1841,1624
MERCEDES EQC ELECTRIQUE,Mercedes-Benz EQC,4761,1884,1624
RENAULT SHOP & GO KADJAR,Renault Kadjar,4489,1836,1607
DACIA SANDERO STEPWAY,Dacia Sandero Stepway,4088,1733,1553
PEUGEOT LES 10 JOURS CHRONO 3008,Peugeot 3008,4447,1841,1624
PEUGEOT LES 10 JOURS CHRONO 108,Peugeot 108,3475,1615,1460
PEUGEOT GAMME ELECTRIQUES,Peugeot (Gamme Électrique),-,-,-
CITROEN LES JOURS C CONFORT C4 CACTUS,Citroën C4 Cactus,4157,1729,1480
CITROEN LES JOURS C CONFORT C1,Citroën C1,3466,1615,1460
PEUGEOT E 2008 ELECTRIQUE,Peugeot e-2008,4300,1770,1550
HYUNDAI KONA ELECTRIC,Hyundai Kona Électrique,4165,1800,1550
VW LES DEALS DE L ANNEE T CROSS,Volkswagen T-Cross,4108,1759,1558
OPEL GERMAN DAYS CROSSLAND X,Opel Crossland X,4212,1765,1605
RENAULT LES RENAULT DAYS TWINGO,Renault Twingo,3600,1646,1559
PEUGEOT LES ECO REPRISES 108,Peugeot 108,3475,1615,1460
PEUGEOT LES ECO REPRISES 308,Peugeot 308,4253,1820,1457
RENAULT LES RENAULT DAYS ZOE ELECTRIQUE,Renault Zoe,4084,1730,1562
FIAT 500 DOLCEVITA HYBRIDE,Fiat 500 Hybride,3571,1627,1488
MINI COUNTRYMAN EDITION LONGSTONE,MINI Countryman,4299,1822,1557
LEXUS RX HYBRIDE,Lexus RX Hybride,4890,1895,1685
MAZDA CX 30 SKYACTIVE X HYBRIDE,Mazda CX-30,4395,1795,1540
FORD PUMA HYBRIDE,Ford Puma,4206,1765,1536
RENAULT LES VENTES FLASH RENAULT CLIO,Renault Clio,4050,1732,1440
AUDI A3 SPORT LIMITED,Audi A3,4313,1785,1425
NISSAN LES BOOSTERS QASHQAI,Nissan Qashqai,4394,1806,1590
RENAULT LES VENTES FLASH RENAULT ZOE ELECTRIQUE,Renault Zoe,4084,1730,1562
SEAT ATECA URBAN,SEAT Ateca,4363,1841,1616
CITROEN C MALIN SANS MALUS C4 CACTUS,Citroën C4 Cactus,4157,1729,1480
MINI ELECTRIC,MINI Électrique,3821,1727,1414
KIA SPORTAGE HYBRIDE,Kia Sportage Hybride,4480,1850,1635
HYUNDAI TUCSON N LINE HYBRIDE,Hyundai Tucson N Line,4475,1850,1650
PEUGEOT 3008 STYLE,Peugeot 3008,4447,1841,1624
VW LES OFFRES SANS APPORT TIGUAN,Volkswagen Tiguan,4486,1839,1672
VW LES OFFRES SANS APPORT T ROC,Volkswagen T-Roc,4234,1819,1573
VW LES OFFRES SANS APPORT T CROSS,Volkswagen T-Cross,4108,1759,1558
TOYOTA YARIS ULTIMATE,Toyota Yaris,3940,1695,1500
MERCEDES LES OFFRES EQ DAYS EQC HYBRIDE,Mercedes-Benz EQC,4761,1884,1624
FIAT GAMME HYBRIDE,Fiat (Gamme Hybride),-,-,-
OPEL CROSSLAND X FAMILY GAME,Opel Crossland X,4212,1765,1605
PEUGEOT E 208 ELECTRIQUE,Peugeot e-208,4053,1748,1430
CITROEN LES JOURS C MAINTENANT C5 AIRCROSS,Citroën C5 Aircross,4500,1841,1690
VOLVO XC60 HYBRIDE,Volvo XC60 Hybride,4688,1902,1678
SUZUKI VITARA HYBRIDE,Suzuki Vitara Hybride,4175,1775,1610
CITROENCARSTORE FR,Citroën (Site),-,-,-
PEUGEOT STORE,Peugeot (Site),-,-,-
DACIA FR,Dacia (Gamme),-,-,-
KIA GAMME AUTO,Kia (Gamme),-,-,-
VW LES JOURS MEILLEURS,Volkswagen (Promotion),-,-,-
MERCEDES GLB,Mercedes-Benz GLB,4634,1834,1682
TOYOTA YARIS MADE IN FRANCE,Toyota Yaris,3940,1695,1500
FORD KUGA HYBRIDE,Ford Kuga Hybride,4613,1882,1689
DACIA GAMME ECO G,Dacia (Gamme Eco-G),-,-,-
CITROEN MOVE IN FRANCE C3,Citroën C3,3996,1748,1474
CITROEN MOVE IN FRANCE C1,Citroën C1,3466,1615,1460
OPEL LES RENDEZ VOUS PRIVES CORSA,Opel Corsa,4060,1765,1433
BMW PRESTIGE AUTOMOBILE,BMW (Gamme Prestige),-,-,-
MG ZS EV,MG ZS EV,4314,1809,1620
CITROEN MOVE IN FRANCE C3 AIRCROSS,Citroën C3 Aircross,4155,1765,1624
CITROEN MOVE IN FRANCE C5 AIRCROSS,Citroën C5 Aircross,4500,1841,1690
OPEL PRETS A PARTIR ASTRA,Opel Astra,4370,1809,1485
RENAULT GAMME HYBRIDE,Renault (Gamme Hybride),-,-,-
SKODA GAMME IV HYBRIDE,Škoda (Gamme Hybride),-,-,-
CITROEN AMI ELECTRIQUE,Citroën Ami,2410,1390,1520
RENAULT CLIO HYBRIDE,Renault Clio Hybride,4050,1732,1440
CUPRA FORMENTOR,Cupra Formentor,4450,1839,1511
VW LE MOIS DE LA REPRISE POLO,Volkswagen Polo,3972,1682,1461
VW LE MOIS DE LA REPRISE T ROC,Volkswagen T-Roc,4234,1819,1573
HYUNDAI I20 HYBRIDE,Hyundai i20 Hybride,4035,1734,1490
OPEL REPREND TOUT CE QUI ROULE,Opel (Promotion),-,-,-
MERCEDES CL.A EQ POWER HYBRIDE,Mercedes-Benz Classe A,4292,1780,1433
JEEP GAMME HYBRIDE,Jeep (Gamme Hybride),-,-,-
CITROEN C5 AIRCROSS HYBRIDE,Citroën C5 Aircross,4500,1841,1690
SEAT LEON HYBRIDE,SEAT León Hybride,4282,1816,1459
KIA X CEED HYBRIDE,Kia XCeed Hybride,4395,1826,1450
RENAULT MEGANE HYBRIDE,Renault Mégane Hybride,4359,1806,1435
MERCEDES LES OFFRES EQ DAYS GLA HYBRIDE,Mercedes-Benz GLA,4417,1834,1602
HONDA JAZZ E HEV HYBRIDE,Honda Jazz Hybride,3995,1694,1525
KIA GAMME ELECTRIQUE,Kia (Gamme Électrique),-,-,-
KIA STONIC HYBRIDE,Kia Stonic Hybride,4140,1760,1500
RENAULT GAMME TEAM RUGBY,Renault (Gamme Team Rugby),-,-,-
MAZDA MX 30 ELECTRIQUE,Mazda MX-30,4395,1795,1570
RENAULT PRO+ ZOE ZE,Renault Zoé ZE,4084,1730,1562
TOYOTA AYGO X POP,Toyota Aygo,3455,1615,1460
HONDA E ELECTRIQUE,Honda e,3894,1751,1514
PEUGEOT FR,Peugeot (Gamme),-,-,-
CUPRA TRIBE,Cupra (Concept),4580,1865,1630
FIAT 500 ELECTRIQUE,Fiat 500e,3273,1627,1527
MERCEDES 300 EQV,Mercedes-Benz EQV,5140,1928,1882
FORD FOCUS HYBRIDE,Ford Focus Hybride,4378,1825,1484
RENAULT CAPTUR HYBRIDE,Renault Captur Hybride,4228,1797,1566
FORD FIESTA HYBRIDE,Ford Fiesta Hybride,4068,1735,1476
VW ECO DAYS POLO,Volkswagen Polo,3972,1682,1461
VW ECO DAYS GOLF,Volkswagen Golf,4258,1799,1452
VW ECO DAYS ID3,Volkswagen ID.3,4261,1809,1552
DETOURS CANAL FR,(Site),-,-,-
RENAULT GAMME ELECTRIQUE,Renault (Gamme Électrique),-,-,-
PEUGEOT LE MOIS DE L ELECTRIQUE 208 ELECTRIQUE,Peugeot e-208,4053,1748,1430
SKODA ENYAQ IV ELECTRIQUE,Škoda Enyaq iV,4649,1879,1616
SKODA KAMIQ YOUNG EDITION,Škoda Kamiq,4241,1793,1501
FIAT TIPO CROSS,Fiat Tipo Cross,4532,1792,1495
NISSAN LE MOIS SANS CONDITION JUKE,Nissan Juke,4135,1765,1570
KIA SPORTAGE BLACK EDITION HYBRIDE,Kia Sportage Hybride,4480,1850,1635
PEUGEOT 3008 HYBRIDE,Peugeot 3008 Hybride,4447,1841,1624
OPEL E LECTRIC DAYS CORSA ELECTRIQUE,Opel Corsa-e,4060,1765,1433
FORD EXPLORER HYBRIDE,Ford Explorer Hybride,5053,2003,1735
RENAULT LE RENDEZ VOUS E TECH HYBRIDE,Renault (Gamme Hybride),-,-,-
PEUGEOT AUTOMOBILE,Peugeot (Gamme),-,-,-
RENAULT TWINGO ELECTRIQUE,Renault Twingo Électrique,3621,1646,1559
MG EHS COMFORT HYBRIDE,MG EHS,4605,1876,1664
PEUGEOT E 208 STYLE ELECTRIQUE,Peugeot e-208,4053,1748,1430
SEAT LEON CUPRA HYBRIDE,SEAT León Cupra Hybride,4282,1816,1459
OPEL CROSSLAND,Opel Crossland X,4212,1765,1605
CITROEN LES OFFRES CITROZEN C3,Citroën C3,3996,1748,1474
NISSAN MOIS DE L ELECTRIQUE LEAF ELECTRIQUE,Nissan Leaf,4490,1789,1540
KIA PRESTIGE AUTOMOBILE,Kia (Gamme Prestige),-,-,-
VW TIGUAN HYBRIDE,Volkswagen Tiguan Hybride,4486,1839,1672
AUDI RS E TRON,Audi e-tron RS,4901,1935,1616
CITROEN E C4 ELECTRIQUE,Citroën ë-C4,4360,1800,1525
RENAULT RENDEZ VOUS RENAULT ZOE ELECTRIQUE,Renault Zoe,4084,1730,1562
CUPRA FORMENTOR HYBRIDE,Cupra Formentor Hybride,4450,1839,1511
LEXUS GAMME AUTOS,Lexus (Gamme),-,-,-
LEXUS UX ELECTRIQUE,Lexus UX Électrique,4495,1840,1520
RENAULT RENDEZ VOUS RENAULT,Renault (Gamme),-,-,-
FORD GAMME HYBRIDE,Ford (Gamme Hybride),-,-,-
SEAT GAMME ELECTRIQUE,Gamme,-,-,-
RENAULT RENOUVEAU RENAULT ZOE ELECTRIQUE,Renault Zoé,4087,1730,1501
TOYOTA YARIS CROSS HYBRIDE,Toyota Yaris Cross,4180,1765,1585
RENAULT RENOUVEAU RENAULT,Offre commerciale,-,-,-
CITROEN C3 YOU,Citroën C3,3996,1733,1474
DS DS9 E TENSE HYBRIDE,DS 9 E-TENSE,4934,1865,1460
HYUNDAI BAYON,Hyundai Bayon,4180,1775,1490
TOYOTA LES HAPPY HYBRID DAYS RAV4 HYBRIDE,Toyota RAV4 Hybride,4600,1855,1685
SERES 3 ELECTRIQUE,Seres 3,4390,1850,1615
RENAULT RENOUVEAU RENAULT ARKANA,Renault Arkana,4565,1820,1570
FORD POWER DAYS KUGA,Ford Kuga,4613,1882,1689
RENAULT RENOUVEAU RENAULT KANGOO,Renault Kangoo,4479,1829,1837
RENAULT KANGOO,Renault Kangoo,4479,1829,1837
MERCEDES EQS ELECTRIQUE,Mercedes EQS,5216,1926,1512
FIAT LES PRET A PARTIR 500,Fiat 500,3571,1627,1527
TOYOTA LES PRET A CONDUIRE,Offre commerciale,-,-,-
TOYOTA PRET A CONDUIRE TOYOTA RAV4,Toyota RAV4,4600,1855,1685
FORD POWER DAYS PUMA,Ford Puma,4207,1805,1536
DACIA LES JOURS ESSENTIELS SANDERO,Dacia Sandero,4088,1733,1517
DACIA LES JOURS ESSENTIELS DUSTER,Dacia Duster,4341,1804,1693
FIAT LES PRET A PARTIR PANDA,Fiat Panda,3653,1643,1551
FIAT LES PRET A PARTIR,Offre commerciale,-,-,-
FIAT LES PRET A PARTIR TIPO CROSS,Fiat Tipo Cross,4532,1792,1525
PEUGEOT 308 HYBRIDE,Peugeot 308,4367,1820,1441
KIA EV6,Kia EV6,4680,1880,1550
RENAULT PRET A PARTIR CLIO,Renault Clio,4050,1739,1440
NISSAN DAYS QASHQAI,Nissan Qashqai,4425,1837,1635
PEUGEOT LE TEMPS DES PROS,Offre commerciale,-,-,-
RENAULT PRET A PARTIR ZOE ELECTRIQUE,Renault Zoé,4087,1730,1501
RENAULT PRET A PARTIR TWINGO,Renault Twingo,3622,1646,1559
BMW FR,Offre commerciale,-,-,-
RENAULT PRET A PARTIR E TECH HYBRIDE CLIO HYBRIDE,Renault Clio Hybride,4050,1739,1440
RENAULT PRET A PARTIR,Offre commerciale,-,-,-
DACIA LES JOURS ESSENTIELS SPRING ELECTRIQUE,Dacia Spring,3734,1624,1516
FIAT 500 RED ELECTRIQUE,Fiat 500e,3571,1627,1527
CUPRA BORN ELECTRIQUE,Cupra Born,4322,1789,1493
VW TAIGO,Volkswagen Taigo,4261,1756,1501
AUDI RS E TRON ELECTRIQUE,Audi e-tron GT,4989,1964,1414
SUZUKI S CROSS HYBRIDE,Suzuki S-Cross,4300,1785,1585
DS DS4 E TENSE HYBRIDE,DS 4 E-Tense hybride,4400,1866,1490
RENAULT PRET A PARTIR ARKANA HYBRIDE,Renault Arkana hybride,4568,1821,1571
HYUNDAI GAMME ELECTRIQUE,Gamme,-,-,-
TOYOTA LES ESSAIS EXTRAORDINAIRES HYBRIDE,Offre commerciale,-,-,-
CITROEN LES OFFRES CITROZEN E C4 ELECTRIQUE,Citroën e-C4 électrique,4360,1800,1525
RENAULT MEGANE ELECTRIQUE,Renault Mégane E-Tech,4210,1780,1500
RENAULT PRET A PARTIR TWINGO ELECTRIQUE,Renault Twingo électrique,3622,1646,1559
HYUNDAI TUCSON HYBRIDE,Hyundai Tucson hybride,4630,1865,1665
PEUGEOT LES ESSAIS UNIQUES 308 HYBRIDE,Peugeot 308 hybride,4367,1852,1441
RENAULT PRET A PARTIR E TECH HYBRIDE ARKANA HYBRID,Renault Arkana hybride,4568,1821,1571
DACIA LES JOURS ESSENTIELS JOGGER,Dacia Jogger,4547,1848,1645
RENAULT PRET A PARTIR E TECH HYBRIDE CAPTUR HYBRID,Renault Captur hybride,4239,1797,1575
TOYOTA LES ESSAIS EXTRAORDINAIRES YARIS HYBRIDE,Toyota Yaris hybride,3940,1745,1500
MERCEDES EQB ELECTRIQUE,Mercedes EQB électrique,4684,1834,1667
HONDA HR-V 4X4 HYBRIDE,Honda HR-V hybride,4385,1790,1605
FORD PUMA HYBRIDE E85,Ford Puma hybride,4207,1805,1536
VW ID BUZZ ELECTRIQUE,Volkswagen ID.Buzz,4712,1988,1937
THEORIGINALS STORE RENAULT COM,Offre commerciale,-,-,-
PEUGEOT LES ECO REPRISES 3008,Peugeot 3008,4500,1841,1624
CITROEN C5 X HYBRIDE,Citroën C5 X hybride,4805,1865,1485
DACIA SANDERO ECO G,Dacia Sandero Eco-G,4088,1733,1517
PEUGEOT LES ECO REPRISES E 208 ELECTRIQUE,Peugeot e-208 électrique,4055,1745,1430
TOYOTA AYGO X,Toyota Aygo X,3700,1740,1525
OPEL ASTRA HYBRIDE,Opel Astra hybride,4374,1860,1470
FIAT 500 LA PRIMA ELECTRIQUE,Fiat 500e,3571,1627,1527
HONDA GAMME ELECTRIQUE,Gamme,-,-,-
RENAULT TWINGO URBAN NIGHT ELECTRIQUE,Renault Twingo électrique,3622,1646,1559
ALFA ROMEO TONALE HYBRIDE,Alfa Romeo Tonale hybride,4532,1837,1600
PORSCHE COM,Offre commerciale,-,-,-
PEUGEOT E 208 LIKE ELECTRIQUE,Peugeot e-208 électrique,4055,1745,1430
RENAULT PRET A PARTIR CLIO HYBRIDE,Renault Clio hybride,4050,1739,1440
NISSAN JUKE HYBRIDE,Nissan Juke hybride,4210,1800,1595
KIA NIRO ELECTRIQUE,Kia Niro électrique,4420,1825,1570
DS DS7,DS 7,4573,1895,1620
HYUNDAI N COM,Offre commerciale,-,-,-
VW LES INSTANTS VW ID4,Volkswagen ID.4,4584,1852,1632
NISSAN GAMME ELECTRIQUE,Gamme,-,-,-
BMW IX1 ELECTRIQUE,BMW iX1 électrique,4500,1845,1613
NISSAN QASHQAI ELECTRIQUE,Nissan Qashqai électrique,4425,1837,1635
JEEP 4XE HYBRIDE,Jeep Compass 4xe hybride,4394,1819,1640
FORD LES MOMENTS MEET MY FORD KUGA HYBRIDE,Ford Kuga hybride,4613,1882,1689
RANGE ROVER EVOQUE HYBRIDE FLEXFUEL,Range Rover Evoque hybride,4371,1904,1649
HYUNDAI IONIQ 6 ELECTRIQUE,Hyundai IONIQ 6,4855,1825,1495
AUDI OCCASIONS,Offre commerciale,-,-,-
SKODA ENYAQ COUPE IV ELECTRIQUE,Skoda Enyaq Coupé IV,4653,1879,1616
AUDI Q8 E TRON ELECTRIQUE,Audi Q8 e-tron,4901,1937,1633
RENAULT AUSTRAL HYBRIDE,Renault Austral hybride,4510,1820,1625
SHARE MOBILIZE FR,Offre commerciale,-,-,-
VW ID5 ELECTRIQUE,Volkswagen ID.5,4599,1852,1632
RENAULT SCENIC VISION,Renault Scénic Vision,4490,1866,1561
DACIA LES ESSAIS DACIA DUSTER,Dacia Duster,4341,1804,1693
DACIA LES ESSAIS DACIA SANDERO,Dacia Sandero,4088,1733,1517
CITROEN C4X ELECTRIQUE,Citroën C4 X électrique,4600,1800,1525
PEUGEOT 208 ELECTRIQUE,Peugeot e-208,4055,1745,1430
DS DS4 HYBRIDE,DS 4 hybride,4400,1866,1490
SKODA ENYAQ COUPE ELECTRIQUE,Skoda Enyaq Coupé,4653,1879,1616
NISSAN X TRAIL ELECTRIQUE,Nissan X-Trail électrique,4690,1840,1720
OPEL MOKKA E,Opel Mokka-e,4151,1751,1529
ALFA TONALE HYBRIDE,Alfa Romeo Tonale hybride,4532,1837,1600
JEEP JOURNEES ELECTRIC FREEDOM JEEP COMPAS.E HYBRI,Jeep Compass 4xe hybride,4394,1819,1640
RENAULT RENOUVEAU RENAULT GAMME ELECTRIQUE,Gamme,-,-,-
RENEW,Offre commerciale,-,-,-
AUDI Q8 ELECTRIQUE,Audi Q8 e-tron,4901,1937,1633
PEUGEOT 408 HYBRIDE,Peugeot 408 hybride,4687,1852,1448
NISSAN LE MOIS DE L HYBRIDE JUKE HYBRIDE,Nissan Juke hybride,4210,1800,1595
SPOTICAR GARAGE,Offre commerciale,-,-,-
MG 4 ELECTRIQUE,MG4 électrique,4287,1836,1504
VW ID ELECTRIQUE,Volkswagen ID.3,4261,1809,1552
SKODA LES JOURNEES SKODA A TAUX ZERO KAMIQ,Skoda Kamiq,4241,1793,1531
DACIA JOGGER HYBRIDE,Dacia Jogger hybride,4547,1848,1645
PLUG INN APPLICATION,Offre commerciale,-,-,-
FORD EXPLORER ELECTRIQUE,Ford Explorer électrique,5050,2030,1780
MOBILIZE SERVICES,Offre commerciale,-,-,-
DS DS4 ESPRIT DE VOYAGE HYBRIDE,DS 4 hybride,4400,1866,1490
RENAULT ESPACE HYBRIDE,Renault Espace hybride,4720,1844,1670
CITROEN C4 ELECTRIQUE,Citroën e-C4,4360,1800,1525
NISSAN ARIYA ELECTRIQUE,Nissan Ariya,4595,1850,1660
RENAULT KANGOO ELECTRIQUE,Renault Kangoo électrique,4479,1829,1837
PEUGEOT 24 JOURS CHRONO 208,Peugeot 208,4055,1745,1430
MG 3 HYBRIDE,MG3 hybride,4055,1729,1505
RENAULT PRET A PARTIR E TECH ELECTRIQUE,Renault Zoé électrique,4087,1730,1501
SPOTICAR FR,Offre commerciale,-,-,-
BYD AUTO GAMME,Gamme,-,-,-
ALPINE A290 ELECTRIQUE,Alpine A290,3834,1775,1435
RANGE ROVER,Range Rover,5052,2018,1835
STELLANTIS AUTOMOBILE PRESTIGE,Offre commerciale,-,-,-
AUDI Q6 ELECTRIQUE,Audi Q6 e-tron,4851,1939,1665
RENAULT SYMBIOZ HYBRIDE,Renault Symbioz hybride,4410,1820,1595
MERCEDES STAR DAYS GAMME,Gamme,-,-,-
TOYOTA JOURNEES MODE ECO YARIS HYBRIDE,Toyota Yaris hybride,3940,1745,1500
SKODA LES OFFRES ALL INCLUSIVE ENYAQ,Skoda Enyaq,4649,1879,1616
DS DS7 ANTOINE DE SAINT EXUPERY ELECTRIQUE,DS 7 E-Tense électrique,4573,1895,1620
VW LES INSTANTS SUVW TAIGO,Volkswagen Taigo,4261,1756,1501
VW LES INSTANTS SUVW T ROC,Volkswagen T-Roc,4263,1819,1573
TOYOTA JOURNEES MODE ECO TOYOTA C HR HYBRIDE,Toyota C-HR hybride,4360,1795,1565
RENAULT PRET A PARTIR AUSTRAL HYBRID,Renault Austral hybride,4510,1820,1625
ALFA JUNIOR ELECTRIQUE,Offre commerciale,-,-,-
BYD SEAL U HYBRIDE,BYD Seal U hybride,4785,1900,1660
TOYOTA JOURNEES MODE ECO HYBRIDE,Offre commerciale,-,-,-
DS DS4 EXPERIENCES HYBRIDE,DS 4 hybride,4400,1866,1490
KIA EV3 ELECTRIQUE,Kia EV3,4300,1850,1560
CUPRA TAVASCAN ELECTRIQUE,Cupra Tavascan,4644,1861,1580
BMW GAMME ELECTRIQUE,Gamme,-,-,-
HONDA HR V HYBRIDE,Honda HR-V hybride,4385,1790,1605
XPENG G6 ELECTRIQUE,Xpeng G6,4753,1900,1650
CUPRA TERRAMAR HYBRIDE,Cupra Terramar hybride,4544,1869,1650
TOYOTA BLACK FRIDAY AYGO,Toyota Aygo X,3700,1740,1525
DACIA SANDRIDER COMPETITION,Offre commerciale,-,-,-
PEUGEOT CITROEN DS PRESTIGE,Offre commerciale,-,-,-
PEUGEOT LES LION DAYS 208,Peugeot 208,4055,1745,1430
MINI CLUBMAN EDITION CANONBURY,Mini Clubman,4253,1800,1441
PEUGEOT LES LION DAYS E 2008,Peugeot e-2008,4300,1770,1550
DACIA SPRING ELECTRIQUE,Dacia Spring,3734,1624,1516
VW ID4 ELECTRIQUE,Volkswagen ID.4,4584,1852,1632
RENAULT ALPINE,Alpine A110,4178,1798,1252
RENAULT ALPINE F1 E TECH COMPETITION,Offre commerciale,-,-,-
CITROEN LES OFFRES CITROZEN,Offre commerciale,-,-,-
JEEP COMPASS HYBRIDE,Jeep Compass,4394,1819,1640
MITSUBISHI ECLIPSE CROSS HYBRIDE,Mitsubishi Eclipse Cross,4405,1805,1685
CITROEN LES OFFRES CITROZEN C5 AIRCROSS,Citroën C5 Aircross,4500,1865,1700
MINI FR,Offre commerciale,-,-,-
PEUGEOT 508 ENGINEERED,Peugeot 508,4750,1859,1403
TOYOTA LES PRET A CONDUIRE COROLLA,Toyota Corolla,4630,1780,1435
TOYOTA LES PRET A CONDUIRE C HR,Toyota C-HR,4360,1795,1565
CITROEN LES OFFRES ELECTROZEN E C4 ELECTRIQUE,Citroën e-C4,4360,1800,1525
MERCEDES EQA ELECTRIQUE,Mercedes EQA,4463,1834,1624
FORD PRESTIGE AUTOMOBILE,Offre commerciale,-,-,-
THEARTOFDS FR,Offre commerciale,-,-,-
TOYOTA LES PRET A CONDUIRE YARIS,Toyota Yaris,3940,1695,1500
MG ZS EV LUXURY,MG ZS EV,4314,1809,1648
VOLVO XC40 ELECTRIQUE,Volvo XC40 Recharge,4425,1863,1652
HYUNDAI GAMME HYBRIDE,Gamme,-,-,-
HYUNDAI IONIQ 5 ELECTRIQUE,Hyundai IONIQ 5,4635,1890,1605
MAZDA GAMME AUTOS,Gamme,-,-,-
RENAULT ARKANA HYBRIDE,Renault Arkana,4565,1820,1570
FORD PUMA FLEXIFUEL,Ford Puma,4207,1805,1536
TOYOTA LES HAPPY HYBRID DAYS,Offre commerciale,-,-,-
TOYOTA LES HAPPY HYBRID DAYS COROLLA HYBRIDE,Toyota Corolla Hybride,4630,1780,1435
VW INSTANTS DECISIFS ID4,Volkswagen ID.4,4584,1852,1632
JEEP 4XE DAYS,Offre commerciale,-,-,-
PEUGEOT 508 SW HYBRIDE,Peugeot 508 SW,4787,1859,1467
AUDI Q4 E TRON ELECTRIQUE,Audi Q4 e-tron,4589,1865,1613
DS DS9,DS 9,4934,1865,1460
MG EHS HYBRIDE,MG EHS,4605,1876,1664
HYUNDAI PRESTIGE AUTOS,Offre commerciale,-,-,-
AIWAYS U5 ELECTRIQUE,Aiways U5,4680,1860,1601
NISSAN QASHQAI HYBRIDE,Nissan Qashqai,4425,1837,1635
DS PRESTIGE AUTOMOBILE,Offre commerciale,-,-,-
